size, seconds
12146, 0.008375
25340, 0.029698
38525, 0.018183
51734, 0.023742
64922, 0.028867
78119, 0.058878
91322, 0.080566
104528, 0.075095
117719, 0.089277
130917, 0.113741
