size, seconds
12146, 0.002759
25340, 0.002457
38525, 0.006032
51734, 0.005951
64922, 0.005168
78119, 0.011709
91322, 0.009124
104528, 0.015840
117719, 0.008275
130917, 0.016650
